{"cameraMode":{"drawMode":0,"name":"Shaded","section":"Shading Mode"},"sceneLighting":true,"audioPlay":false,"sceneViewState":{"m_AlwaysRefresh":false,"showFog":true,"showSkybox":true,"showFlares":true,"showImageEffects":true,"showParticleSystems":true,"showVisualEffectGraphs":true,"m_FxEnabled":true},"in2DMode":false,"pivot":{"x":79.75163269042969,"y":16.21805191040039,"z":31.188072204589845},"rotation":{"x":-0.00700119324028492,"y":-0.22749482095241548,"z":-0.0016378752188757063,"w":0.973780632019043},"size":1.0341901779174805,"orthographic":false}