{"cameraMode":{"drawMode":0,"name":"Shaded","section":"Shading Mode"},"sceneLighting":true,"audioPlay":false,"sceneViewState":{"m_AlwaysRefresh":false,"showFog":true,"showSkybox":true,"showFlares":true,"showImageEffects":true,"showParticleSystems":true,"showVisualEffectGraphs":true,"m_FxEnabled":true},"in2DMode":false,"pivot":{"x":1.9016218185424805,"y":19.507266998291017,"z":25.309642791748048},"rotation":{"x":-0.04278754070401192,"y":-0.9317637085914612,"z":0.11595359444618225,"w":-0.34174421429634097},"size":12.605143547058106,"orthographic":false}